"","Group","project",".y.","group1","group2","n1","n2","statistic","df","p"
"1","低剂量组","低密度脂蛋白","RESULT","D1","D4",7,7,0.336170204886708,11.1921446728936,0.743
"2","中剂量组","低密度脂蛋白","RESULT","D1","D4",8,8,0.340467804093406,13.6955585442426,0.739
"3","高剂量组","低密度脂蛋白","RESULT","D1","D4",8,8,1.00479827221415,12.2445135560838,0.334
"4","低剂量组","甘油三酯","RESULT","D1","D4",7,7,0.875435548435067,9.25423484347962,0.403
"5","中剂量组","甘油三酯","RESULT","D1","D4",8,8,1.60972998662546,13.5949115422342,0.13
"6","高剂量组","甘油三酯","RESULT","D1","D4",8,8,1.83096522306202,12.3598370592399,0.0913
"7","低剂量组","高密度脂蛋白","RESULT","D1","D4",7,7,0.356953200256697,11.9267651126748,0.727
"8","中剂量组","高密度脂蛋白","RESULT","D1","D4",8,8,-0.0540892559454355,12.8621183489563,0.958
"9","高剂量组","高密度脂蛋白","RESULT","D1","D4",8,8,1.15424080422376,10.7967932163244,0.273
